hotel_id,name,cluster_id,status,romantic_score,cleanliness_score,area,payload_json
PFO-H001,Elysium Hotel,C01,QUALIFIED,,,Kato Paphos,"{""Hotel_ID"": ""PFO-H001"", ""Hotel_Name"": ""Elysium Hotel"", ""Area"": ""Kato Paphos"", ""Hotel_Type"": ""Luxury beachfront"", ""Current_Status"": ""Operating"", ""Former_or_Registry_Name"": ""Elysium Beach Resort"", ""Official_Website"": ""https://www.elysium-hotel.com"", ""Phone"": ""+357 26 844444"", ""Review_Platform"": ""Booking.com"", ""Review_Score_10"": 9.5, ""Cleanliness_Score_10"": 9.7, ""Review_Count_or_Evidence"": ""~2,893 reviews"", ""Landscape_Type"": ""Mediterranean sea + landscaped grounds + sunset"", ""Landscape_Value_1_10"": 10, ""Romantic_Suitability_1_10"": 10, ""Adults_Only"": ""No"", ""Spa"": ""Yes"", ""Pool"": ""Yes"", ""Why_It_Qualifies"": ""Exceptional cleanliness, sea/sunset setting and strong service reputation"", ""Qualification_Status"": ""QUALIFIED"", ""Review_Source"": ""https://www.booking.com/hotel/cy/elysium-paphos.html"", ""Official_Source"": ""https://www.elysium-hotel.com"", ""Last_Verified"": 46259, ""Notes"": ""One of the strongest all-round romantic choices.""}"
PFO-H002,Annabelle,C01,QUALIFIED,,,Kato Paphos,"{""Hotel_ID"": ""PFO-H002"", ""Hotel_Name"": ""Annabelle"", ""Area"": ""Kato Paphos"", ""Hotel_Type"": ""Luxury beachfront"", ""Current_Status"": ""Operating"", ""Former_or_Registry_Name"": ""Annabelle"", ""Official_Website"": ""https://www.annabelle.com.cy"", ""Phone"": ""+357 26 885000"", ""Review_Platform"": ""Booking.com"", ""Review_Score_10"": 9, ""Cleanliness_Score_10"": 9.3, ""Review_Count_or_Evidence"": ""~1,275 reviews"", ""Landscape_Type"": ""Harbour + Mediterranean + tropical gardens + waterfalls"", ""Landscape_Value_1_10"": 10, ""Romantic_Suitability_1_10"": 10, ""Adults_Only"": ""No"", ""Spa"": ""Yes"", ""Pool"": ""Yes"", ""Why_It_Qualifies"": ""High cleanliness, exceptional location and mature landscaped setting"", ""Qualification_Status"": ""QUALIFIED"", ""Review_Source"": ""https://www.booking.com/hotel/cy/annabelle.html"", ""Official_Source"": ""https://www.annabelle.com.cy"", ""Last_Verified"": 46259, ""Notes"": ""Strong harbour/garden atmosphere.""}"
PFO-H003,Almyra,C01,QUALIFIED,,,Kato Paphos,"{""Hotel_ID"": ""PFO-H003"", ""Hotel_Name"": ""Almyra"", ""Area"": ""Kato Paphos"", ""Hotel_Type"": ""Luxury design beachfront"", ""Current_Status"": ""Operating"", ""Former_or_Registry_Name"": ""Almyra"", ""Official_Website"": ""https://www.almyra.com"", ""Phone"": ""+357 26 888700"", ""Review_Platform"": ""Booking.com"", ""Review_Score_10"": 8.8, ""Cleanliness_Score_10"": 9.2, ""Review_Count_or_Evidence"": ""~1,113 reviews"", ""Landscape_Type"": ""Mediterranean sea + tropical gardens"", ""Landscape_Value_1_10"": 9, ""Romantic_Suitability_1_10"": 9, ""Adults_Only"": ""No"", ""Spa"": ""Yes"", ""Pool"": ""Yes"", ""Why_It_Qualifies"": ""Clean, design-led hotel with sea and garden views"", ""Qualification_Status"": ""QUALIFIED"", ""Review_Source"": ""https://www.booking.com/hotel/cy/almyra-paphos.html"", ""Official_Source"": ""https://www.almyra.com"", ""Last_Verified"": 46259, ""Notes"": ""Review score slightly below 9 but cleanliness and landscape are strong.""}"
PFO-H004,"Amavi, MadeForTwo Hotels – Paphos",C01,QUALIFIED,,,Kato Paphos,"{""Hotel_ID"": ""PFO-H004"", ""Hotel_Name"": ""Amavi, MadeForTwo Hotels – Paphos"", ""Area"": ""Kato Paphos"", ""Hotel_Type"": ""Couples-only luxury beachfront"", ""Current_Status"": ""Operating"", ""Former_or_Registry_Name"": ""Amavi"", ""Official_Website"": ""https://kanikahotels.com/madefortwo-amavi-paphos/"", ""Phone"": ""+357 25 274590"", ""Review_Platform"": ""Booking.com"", ""Review_Score_10"": 9.5, ""Cleanliness_Score_10"": 9.7, ""Review_Count_or_Evidence"": ""~982 reviews"", ""Landscape_Type"": ""Direct Mediterranean sea views + beachfront"", ""Landscape_Value_1_10"": 10, ""Romantic_Suitability_1_10"": 10, ""Adults_Only"": ""Yes"", ""Spa"": ""Yes"", ""Pool"": ""Yes"", ""Why_It_Qualifies"": ""Purpose-built for couples; exceptional cleanliness and sea views"", ""Qualification_Status"": ""QUALIFIED"", ""Review_Source"": ""https://www.booking.com/hotel/cy/amavi.html"", ""Official_Source"": ""https://kanikahotels.com/madefortwo-amavi-paphos/"", ""Last_Verified"": 46259, ""Notes"": ""Top romantic priority.""}"
PFO-H005,Azia Resort & Spa,C01,QUALIFIED,,,Chloraka,"{""Hotel_ID"": ""PFO-H005"", ""Hotel_Name"": ""Azia Resort & Spa"", ""Area"": ""Chloraka"", ""Hotel_Type"": ""Luxury seafront spa resort"", ""Current_Status"": ""Operating"", ""Former_or_Registry_Name"": ""Azia Beach"", ""Official_Website"": ""https://aziaresort.com"", ""Phone"": ""+357 26 845100"", ""Review_Platform"": ""Booking.com"", ""Review_Score_10"": 9, ""Cleanliness_Score_10"": 9.3, ""Review_Count_or_Evidence"": ""~578 reviews"", ""Landscape_Type"": ""Seafront + tropical gardens + wild coastal setting"", ""Landscape_Value_1_10"": 9, ""Romantic_Suitability_1_10"": 9, ""Adults_Only"": ""Partial adults zones"", ""Spa"": ""Yes"", ""Pool"": ""Yes"", ""Why_It_Qualifies"": ""Strong cleanliness and green/nature atmosphere"", ""Qualification_Status"": ""QUALIFIED"", ""Review_Source"": ""https://www.booking.com/hotel/cy/azia-resort-and-spa.html"", ""Official_Source"": ""https://aziaresort.com"", ""Last_Verified"": 46259, ""Notes"": ""Good west-facing sunset potential.""}"
PFO-H006,Cap St Georges Hotel & Resort,C03,QUALIFIED,,,Agios Georgios Pegeia,"{""Hotel_ID"": ""PFO-H006"", ""Hotel_Name"": ""Cap St Georges Hotel & Resort"", ""Area"": ""Agios Georgios Pegeia"", ""Hotel_Type"": ""Luxury coastal resort"", ""Current_Status"": ""Operating"", ""Former_or_Registry_Name"": ""Cap St Georges"", ""Official_Website"": ""https://www.capstgeorges.com"", ""Phone"": ""+357 26 000000"", ""Review_Platform"": ""Google/Booking recent reviews"", ""Review_Count_or_Evidence"": ""Google 4.7/5, 881 reviews; Booking reviews repeatedly praise impeccable cleanliness"", ""Landscape_Type"": ""Sea Caves / cliffs + Mediterranean + Akamas edge"", ""Landscape_Value_1_10"": 10, ""Romantic_Suitability_1_10"": 10, ""Adults_Only"": ""No"", ""Spa"": ""Yes"", ""Pool"": ""Yes"", ""Why_It_Qualifies"": ""Very strong current reputation, dramatic natural coastline and repeated cleanliness praise"", ""Qualification_Status"": ""QUALIFIED"", ""Review_Source"": ""https://www.booking.com/hotel/cy/cap-st-georges-amp-resort.html"", ""Official_Source"": ""https://www.capstgeorges.com"", ""Last_Verified"": 46259, ""Notes"": ""Numeric cleanliness field not surfaced in current search, but recent verified reviews are strongly positive.""}"
PFO-H007,Thalassa Boutique Hotel & Spa,C03,QUALIFIED,,,Coral Bay / Pegeia,"{""Hotel_ID"": ""PFO-H007"", ""Hotel_Name"": ""Thalassa Boutique Hotel & Spa"", ""Area"": ""Coral Bay / Pegeia"", ""Hotel_Type"": ""Adults-oriented boutique beachfront"", ""Current_Status"": ""Operating"", ""Former_or_Registry_Name"": ""Thalassa"", ""Official_Website"": ""https://thalassa.com.cy"", ""Phone"": ""+357 26 881500"", ""Review_Platform"": ""Booking.com"", ""Review_Score_10"": 9.4, ""Cleanliness_Score_10"": 9.5, ""Review_Count_or_Evidence"": ""~1,176 reviews"", ""Landscape_Type"": ""Small peninsula + Coral Bay + panoramic Mediterranean views"", ""Landscape_Value_1_10"": 10, ""Romantic_Suitability_1_10"": 10, ""Adults_Only"": ""Yes / adults positioning"", ""Spa"": ""Yes"", ""Pool"": ""Yes"", ""Why_It_Qualifies"": ""High cleanliness, exceptional sea setting and quiet romantic atmosphere"", ""Qualification_Status"": ""QUALIFIED"", ""Review_Source"": ""https://www.booking.com/hotel/cy/thalassa-boutique-spa.html"", ""Official_Source"": ""https://thalassa.com.cy"", ""Last_Verified"": 46259, ""Notes"": ""Excellent fit for romantic tourism.""}"
PFO-H008,Minthis Resort,C08,QUALIFIED,,,Tsada,"{""Hotel_ID"": ""PFO-H008"", ""Hotel_Name"": ""Minthis Resort"", ""Area"": ""Tsada"", ""Hotel_Type"": ""Luxury hill / vineyard resort"", ""Current_Status"": ""Operating"", ""Former_or_Registry_Name"": ""Minthis"", ""Official_Website"": ""https://www.minthisresort.com"", ""Phone"": ""+357 26 842000"", ""Review_Platform"": ""Booking.com"", ""Review_Score_10"": 9.4, ""Cleanliness_Score_10"": 9.6, ""Review_Count_or_Evidence"": ""~843 reviews"", ""Landscape_Type"": ""Mountain plateau + vineyards + golf + wide valley views"", ""Landscape_Value_1_10"": 10, ""Romantic_Suitability_1_10"": 10, ""Adults_Only"": ""No"", ""Spa"": ""Yes"", ""Pool"": ""Yes"", ""Why_It_Qualifies"": ""Exceptional cleanliness and one of the strongest inland landscapes in Paphos"", ""Qualification_Status"": ""QUALIFIED"", ""Review_Source"": ""https://www.booking.com/hotel/cy/minthis-resort.en-gb.html"", ""Official_Source"": ""https://www.minthisresort.com"", ""Last_Verified"": 46259, ""Notes"": ""Top inland romantic base.""}"
PFO-H009,Anassa,C05,QUALIFIED,,,Neo Chorio / Polis Chrysochous,"{""Hotel_ID"": ""PFO-H009"", ""Hotel_Name"": ""Anassa"", ""Area"": ""Neo Chorio / Polis Chrysochous"", ""Hotel_Type"": ""Luxury secluded beach resort"", ""Current_Status"": ""Operating"", ""Former_or_Registry_Name"": ""Anassa"", ""Official_Website"": ""https://www.anassa.com"", ""Phone"": ""+357 26 888000"", ""Review_Platform"": ""Booking.com"", ""Review_Score_10"": 9.2, ""Cleanliness_Score_10"": 9.5, ""Review_Count_or_Evidence"": ""~329 reviews"", ""Landscape_Type"": ""Secluded hillside + Akamas + beach + Mediterranean"", ""Landscape_Value_1_10"": 10, ""Romantic_Suitability_1_10"": 10, ""Adults_Only"": ""No"", ""Spa"": ""Yes"", ""Pool"": ""Yes"", ""Why_It_Qualifies"": ""High cleanliness and exceptional integration with natural landscape"", ""Qualification_Status"": ""QUALIFIED"", ""Review_Source"": ""https://www.booking.com/hotel/cy/anassa.en-gb.html"", ""Official_Source"": ""https://www.anassa.com"", ""Last_Verified"": 46259, ""Notes"": ""One of the best nature-luxury options in Cyprus.""}"
PFO-H010,Aphrodite Hills Hotel,C02,QUALIFIED,,,Kouklia / Aphrodite Hills,"{""Hotel_ID"": ""PFO-H010"", ""Hotel_Name"": ""Aphrodite Hills Hotel"", ""Area"": ""Kouklia / Aphrodite Hills"", ""Hotel_Type"": ""Luxury hill resort"", ""Current_Status"": ""Operating"", ""Former_or_Registry_Name"": ""Aphrodite Hills / Atlantica Aphrodite Hills Hotel"", ""Official_Website"": ""https://www.aphroditehills.com"", ""Phone"": ""+357 26 829000"", ""Review_Platform"": ""Google business"", ""Review_Count_or_Evidence"": ""4.5/5 from ~758 reviews"", ""Landscape_Type"": ""Hills + ravines + golf landscape + distant sea"", ""Landscape_Value_1_10"": 9, ""Romantic_Suitability_1_10"": 9, ""Adults_Only"": ""No"", ""Spa"": ""Yes"", ""Pool"": ""Yes"", ""Why_It_Qualifies"": ""Strong landscape value and solid current reputation"", ""Qualification_Status"": ""QUALIFIED"", ""Review_Source"": ""https://www.google.com/search?q=Aphrodite+Hills+Hotel+Paphos"", ""Official_Source"": ""https://www.aphroditehills.com"", ""Last_Verified"": 46259, ""Notes"": ""Keep under review because a direct Booking cleanliness subscore was not captured in this pass.""}"
PFO-H011,Atlantica Golden Beach,C03,QUALIFIED,,,Kissonerga,"{""Hotel_ID"": ""PFO-H011"", ""Hotel_Name"": ""Atlantica Golden Beach"", ""Area"": ""Kissonerga"", ""Hotel_Type"": ""Adults-oriented beachfront"", ""Current_Status"": ""Operating"", ""Former_or_Registry_Name"": ""Atlantica Golden Beach"", ""Official_Website"": ""https://www.atlanticahotels.com"", ""Phone"": ""+357 26 947777"", ""Review_Platform"": ""Google business"", ""Review_Count_or_Evidence"": ""4.6/5 from ~958 reviews"", ""Landscape_Type"": ""Beachfront + west-coast sunset + gardens"", ""Landscape_Value_1_10"": 9, ""Romantic_Suitability_1_10"": 9, ""Adults_Only"": ""Yes"", ""Spa"": ""Yes"", ""Pool"": ""Yes"", ""Why_It_Qualifies"": ""Good current reputation and strong coastal landscape"", ""Qualification_Status"": ""QUALIFIED"", ""Review_Source"": ""https://www.google.com/search?q=Atlantica+Golden+Beach+Paphos"", ""Official_Source"": ""https://www.atlanticahotels.com"", ""Last_Verified"": 46259, ""Notes"": ""Direct numeric cleanliness score to refresh before public launch.""}"
PFO-H012,Constantinou Bros Asimina Suites Hotel,C01,QUALIFIED,,,Geroskipou / Kato Paphos,"{""Hotel_ID"": ""PFO-H012"", ""Hotel_Name"": ""Constantinou Bros Asimina Suites Hotel"", ""Area"": ""Geroskipou / Kato Paphos"", ""Hotel_Type"": ""Adults-only luxury suites beachfront"", ""Current_Status"": ""Operating"", ""Former_or_Registry_Name"": ""Asimina Hotel and Suites"", ""Official_Website"": ""https://www.asimina-cbh.com"", ""Phone"": ""+357 26 964333"", ""Review_Platform"": ""Booking.com"", ""Review_Score_10"": 9.5, ""Cleanliness_Score_10"": 9.7, ""Review_Count_or_Evidence"": ""~189 reviews"", ""Landscape_Type"": ""Beachfront + Mediterranean + landscaped pool gardens"", ""Landscape_Value_1_10"": 9, ""Romantic_Suitability_1_10"": 10, ""Adults_Only"": ""Yes"", ""Spa"": ""Yes"", ""Pool"": ""Yes"", ""Why_It_Qualifies"": ""Exceptional cleanliness, luxury and adult romantic positioning"", ""Qualification_Status"": ""QUALIFIED"", ""Review_Source"": ""https://www.booking.com/hotel/cy/asimina-suites.html"", ""Official_Source"": ""https://www.asimina-cbh.com"", ""Last_Verified"": 46259, ""Notes"": ""Top couples option.""}"
PFO-H013,Constantinou Bros Athena Royal Beach Hotel,C01,QUALIFIED,,,Geroskipou / Kato Paphos,"{""Hotel_ID"": ""PFO-H013"", ""Hotel_Name"": ""Constantinou Bros Athena Royal Beach Hotel"", ""Area"": ""Geroskipou / Kato Paphos"", ""Hotel_Type"": ""Adults-only beachfront"", ""Current_Status"": ""Operating"", ""Former_or_Registry_Name"": ""Athena Royal Beach"", ""Official_Website"": ""https://www.athenaroyal-cbh.com"", ""Phone"": ""+357 26 884600"", ""Review_Platform"": ""Booking.com"", ""Review_Score_10"": 9, ""Cleanliness_Score_10"": 9.4, ""Review_Count_or_Evidence"": ""~178 reviews"", ""Landscape_Type"": ""Beachfront + Mediterranean + coastal gardens"", ""Landscape_Value_1_10"": 9, ""Romantic_Suitability_1_10"": 9, ""Adults_Only"": ""Yes"", ""Spa"": ""Yes"", ""Pool"": ""Yes"", ""Why_It_Qualifies"": ""Very good cleanliness and tranquil adults-only waterfront environment"", ""Qualification_Status"": ""QUALIFIED"", ""Review_Source"": ""https://www.booking.com/hotel/cy/athena-royal-beach.en-gb.html"", ""Official_Source"": ""https://www.athenaroyal-cbh.com"", ""Last_Verified"": 46259, ""Notes"": ""Good mature-couples option.""}"
PFO-H014,Constantinou Bros Pioneer Beach Hotel,C01,QUALIFIED,,,Geroskipou / Kato Paphos,"{""Hotel_ID"": ""PFO-H014"", ""Hotel_Name"": ""Constantinou Bros Pioneer Beach Hotel"", ""Area"": ""Geroskipou / Kato Paphos"", ""Hotel_Type"": ""Adults-only beachfront"", ""Current_Status"": ""Operating"", ""Former_or_Registry_Name"": ""The Pioneer Beach"", ""Official_Website"": ""https://www.pioneer-cbh.com"", ""Phone"": ""+357 26 964500"", ""Review_Platform"": ""Google business"", ""Review_Count_or_Evidence"": ""4.6/5 from ~1,292 reviews"", ""Landscape_Type"": ""Beachfront + Mediterranean + gardens"", ""Landscape_Value_1_10"": 9, ""Romantic_Suitability_1_10"": 9, ""Adults_Only"": ""Yes"", ""Spa"": ""Yes"", ""Pool"": ""Yes"", ""Why_It_Qualifies"": ""Strong current public rating and adult beachfront positioning"", ""Qualification_Status"": ""QUALIFIED"", ""Review_Source"": ""https://www.google.com/search?q=Pioneer+Beach+Hotel+Paphos"", ""Official_Source"": ""https://www.pioneer-cbh.com"", ""Last_Verified"": 46259, ""Notes"": ""Numeric cleanliness subscore to refresh before public launch.""}"
PFO-H015,Alexander The Great Beach Hotel,C01,QUALIFIED,,,Kato Paphos,"{""Hotel_ID"": ""PFO-H015"", ""Hotel_Name"": ""Alexander The Great Beach Hotel"", ""Area"": ""Kato Paphos"", ""Hotel_Type"": ""Upscale beachfront"", ""Current_Status"": ""Operating"", ""Former_or_Registry_Name"": ""Alexander The Great"", ""Official_Website"": ""https://kanikahotels.com"", ""Phone"": ""+357 25 274590"", ""Review_Platform"": ""Google business"", ""Review_Count_or_Evidence"": ""4.7/5 from ~1,790 reviews"", ""Landscape_Type"": ""Mediterranean beachfront + harbour-side coastal setting"", ""Landscape_Value_1_10"": 9, ""Romantic_Suitability_1_10"": 9, ""Adults_Only"": ""No"", ""Spa"": ""Yes"", ""Pool"": ""Yes"", ""Why_It_Qualifies"": ""Strong reputation and attractive sea-facing environment"", ""Qualification_Status"": ""QUALIFIED"", ""Review_Source"": ""https://www.google.com/search?q=Alexander+The+Great+Beach+Hotel+Paphos"", ""Official_Source"": ""https://kanikahotels.com"", ""Last_Verified"": 46259, ""Notes"": ""Include for coastline and service quality.""}"
PFO-H016,Olympic Lagoon Resorts Paphos,C01,QUALIFIED,,,Kato Paphos,"{""Hotel_ID"": ""PFO-H016"", ""Hotel_Name"": ""Olympic Lagoon Resorts Paphos"", ""Area"": ""Kato Paphos"", ""Hotel_Type"": ""Luxury beachfront resort"", ""Current_Status"": ""Operating"", ""Former_or_Registry_Name"": ""Olympic Lagoon Paphos"", ""Official_Website"": ""https://kanikahotels.com"", ""Phone"": ""+357 25 274590"", ""Review_Platform"": ""Google business"", ""Review_Count_or_Evidence"": ""4.7/5 from ~2,072 reviews"", ""Landscape_Type"": ""Beachfront + gardens + sea"", ""Landscape_Value_1_10"": 9, ""Romantic_Suitability_1_10"": 8, ""Adults_Only"": ""No"", ""Spa"": ""Yes"", ""Pool"": ""Yes"", ""Why_It_Qualifies"": ""Strong large-sample reputation and landscaped beachfront environment"", ""Qualification_Status"": ""QUALIFIED"", ""Review_Source"": ""https://www.google.com/search?q=Olympic+Lagoon+Resorts+Paphos"", ""Official_Source"": ""https://kanikahotels.com"", ""Last_Verified"": 46259, ""Notes"": ""More resort-style than intimate, but suitable.""}"
PFO-H017,Cali Resort & Spa by Louis Hotels,C03,QUALIFIED,,,Coral Bay / Pegeia,"{""Hotel_ID"": ""PFO-H017"", ""Hotel_Name"": ""Cali Resort & Spa by Louis Hotels"", ""Area"": ""Coral Bay / Pegeia"", ""Hotel_Type"": ""Adults-oriented resort"", ""Current_Status"": ""Operating / new-generation property"", ""Former_or_Registry_Name"": ""Louis Cali / former Horizon property"", ""Official_Website"": ""https://www.louishotels.com"", ""Phone"": ""+357 26 956868"", ""Review_Platform"": ""Google business"", ""Review_Count_or_Evidence"": ""4.8/5 from ~321 reviews"", ""Landscape_Type"": ""Coral Bay area + Mediterranean views"", ""Landscape_Value_1_10"": 9, ""Romantic_Suitability_1_10"": 9, ""Adults_Only"": ""Yes"", ""Spa"": ""Yes"", ""Pool"": ""Yes"", ""Why_It_Qualifies"": ""Very strong current rating and coastal romantic setting"", ""Qualification_Status"": ""QUALIFIED"", ""Review_Source"": ""https://www.google.com/search?q=Cali+Resort+Spa+Paphos"", ""Official_Source"": ""https://www.louishotels.com"", ""Last_Verified"": 46259, ""Notes"": ""Relatively new/repositioned; continue monitoring review stability.""}"
PFO-H018,Ivi Mare – Designed for Adults by Louis Hotels,C01,QUALIFIED,,,Geroskipou / Kato Paphos,"{""Hotel_ID"": ""PFO-H018"", ""Hotel_Name"": ""Ivi Mare – Designed for Adults by Louis Hotels"", ""Area"": ""Geroskipou / Kato Paphos"", ""Hotel_Type"": ""Adults-only beachfront"", ""Current_Status"": ""Operating"", ""Former_or_Registry_Name"": ""Louis Ivi Mare"", ""Official_Website"": ""https://www.louishotels.com"", ""Phone"": ""+357 26 913555"", ""Review_Platform"": ""Booking.com"", ""Review_Score_10"": 9.4, ""Cleanliness_Score_10"": 9.6, ""Review_Count_or_Evidence"": ""~819 reviews"", ""Landscape_Type"": ""Sea view + beachfront promenade + gardens"", ""Landscape_Value_1_10"": 9, ""Romantic_Suitability_1_10"": 10, ""Adults_Only"": ""Yes"", ""Spa"": ""Yes"", ""Pool"": ""Yes"", ""Why_It_Qualifies"": ""Exceptional cleanliness and adults-only romantic positioning"", ""Qualification_Status"": ""QUALIFIED"", ""Review_Source"": ""https://www.booking.com/hotel/cy/louis-ivi-mare.html"", ""Official_Source"": ""https://www.louishotels.com"", ""Last_Verified"": 46259, ""Notes"": ""Top romantic priority.""}"
PFO-H019,Demetriou Paradisos Hills Hotel,C07,QUALIFIED,,,Lysos,"{""Hotel_ID"": ""PFO-H019"", ""Hotel_Name"": ""Demetriou Paradisos Hills Hotel"", ""Area"": ""Lysos"", ""Hotel_Type"": ""Traditional rural hotel"", ""Current_Status"": ""Operating"", ""Former_or_Registry_Name"": ""Demetriou Paradisos Hills"", ""Official_Website"": ""https://www.paradisoshills.com"", ""Phone"": ""+357 26 322287"", ""Review_Platform"": ""Booking.com"", ""Review_Score_10"": 9.3, ""Cleanliness_Score_10"": 9.1, ""Review_Count_or_Evidence"": ""~278 reviews"", ""Landscape_Type"": ""Forest edge + Troodos Mountains + Mediterranean views"", ""Landscape_Value_1_10"": 10, ""Romantic_Suitability_1_10"": 10, ""Adults_Only"": ""No"", ""Spa"": ""No"", ""Pool"": ""Yes"", ""Why_It_Qualifies"": ""Excellent reviews, high cleanliness and outstanding natural setting"", ""Qualification_Status"": ""QUALIFIED"", ""Review_Source"": ""https://www.booking.com/hotel/cy/demetriou-paradisos-hills.html"", ""Official_Source"": ""https://www.paradisoshills.com"", ""Last_Verified"": 46259, ""Notes"": ""Best rural/forest romantic option identified.""}"
PFO-H020,Aphrodite Beach Hotel,C05,QUALIFIED,,,Neo Chorio / Polis Chrysochous,"{""Hotel_ID"": ""PFO-H020"", ""Hotel_Name"": ""Aphrodite Beach Hotel"", ""Area"": ""Neo Chorio / Polis Chrysochous"", ""Hotel_Type"": ""Small family-run beachfront hotel"", ""Current_Status"": ""Operating"", ""Former_or_Registry_Name"": ""Aphrodite Beach"", ""Official_Website"": ""https://www.aphrodite-beachhotel.com"", ""Phone"": ""+357 26 321001"", ""Review_Platform"": ""Booking.com"", ""Review_Score_10"": 9.4, ""Cleanliness_Score_10"": 9.5, ""Review_Count_or_Evidence"": ""~1,170 reviews"", ""Landscape_Type"": ""Yiannakis Beach + Akamas Natural Park + lush gardens"", ""Landscape_Value_1_10"": 10, ""Romantic_Suitability_1_10"": 10, ""Adults_Only"": ""No"", ""Spa"": ""No"", ""Pool"": ""No"", ""Why_It_Qualifies"": ""Exceptional cleanliness, outstanding location and direct nature connection"", ""Qualification_Status"": ""QUALIFIED"", ""Review_Source"": ""https://www.booking.com/hotel/cy/aphrodite-beach-polis.html"", ""Official_Source"": ""https://www.aphrodite-beachhotel.com"", ""Last_Verified"": 46259, ""Notes"": ""Excellent example showing star category is less important than quality and landscape.""}"
PFO-H021,Palates Hotel,C04,QUALIFIED,,,Droushia,"{""Hotel_ID"": ""PFO-H021"", ""Hotel_Name"": ""Palates Hotel"", ""Area"": ""Droushia"", ""Hotel_Type"": ""Traditional stone village hotel"", ""Current_Status"": ""Operating"", ""Former_or_Registry_Name"": ""Palates"", ""Official_Website"": ""https://droushiahotelpalates.com"", ""Phone"": ""+357 26 332083"", ""Review_Platform"": ""Booking.com"", ""Review_Score_10"": 8.9, ""Cleanliness_Score_10"": 9, ""Review_Count_or_Evidence"": ""~287 reviews"", ""Landscape_Type"": ""Mountain village + Chrysochous Bay / Mediterranean panorama + gardens"", ""Landscape_Value_1_10"": 10, ""Romantic_Suitability_1_10"": 9, ""Adults_Only"": ""No"", ""Spa"": ""No"", ""Pool"": ""Yes"", ""Why_It_Qualifies"": ""High cleanliness, very good reviews and panoramic rural landscape"", ""Qualification_Status"": ""QUALIFIED"", ""Review_Source"": ""https://www.booking.com/hotel/cy/palates.html"", ""Official_Source"": ""https://droushiahotelpalates.com"", ""Last_Verified"": 46259, ""Notes"": ""Preferred over Droushia Heights under current stricter quality filter.""}"
PFO-H022,M Boutique Hotel – Designed for Adults,C01,QUALIFIED,,,Kato Paphos,"{""Hotel_ID"": ""PFO-H022"", ""Hotel_Name"": ""M Boutique Hotel – Designed for Adults"", ""Area"": ""Kato Paphos"", ""Hotel_Type"": ""Adults-only 5-star boutique"", ""Current_Status"": ""Operating"", ""Former_or_Registry_Name"": ""M Boutique Hotel"", ""Official_Website"": ""https://m-boutiquehotel.com/"", ""Review_Platform"": ""Booking.com"", ""Review_Score_10"": 9.1, ""Cleanliness_Score_10"": 9.5, ""Review_Count_or_Evidence"": ""~2,199 reviews"", ""Landscape_Type"": ""Urban boutique + pool + near seafront/harbour"", ""Landscape_Value_1_10"": 8, ""Romantic_Suitability_1_10"": 10, ""Adults_Only"": ""Yes"", ""Spa"": ""Yes"", ""Pool"": ""Yes"", ""Why_It_Qualifies"": ""Adults-only design hotel; excellent cleanliness; very high location score; romantic restaurant/spa positioning"", ""Qualification_Status"": ""QUALIFIED"", ""Review_Source"": ""https://www.booking.com/hotel/cy/m-boutique-paphos.html"", ""Official_Source"": ""https://m-boutiquehotel.com/"", ""Last_Verified"": 46261, ""Notes"": ""Strong urban-romantic addition.""}"
PFO-H023,King Jason Paphos – Designed for Adults by Louis Hotels,C01,QUALIFIED,,,Kato Paphos,"{""Hotel_ID"": ""PFO-H023"", ""Hotel_Name"": ""King Jason Paphos – Designed for Adults by Louis Hotels"", ""Area"": ""Kato Paphos"", ""Hotel_Type"": ""Adults-only 4-star plus retreat"", ""Current_Status"": ""Operating"", ""Former_or_Registry_Name"": ""The King Jason Paphos"", ""Official_Website"": ""https://www.kingjasonpaphos.com/"", ""Phone"": ""+357 26 947750"", ""Review_Platform"": ""Booking.com"", ""Review_Score_10"": 9.4, ""Cleanliness_Score_10"": 9.4, ""Review_Count_or_Evidence"": ""~389 reviews"", ""Landscape_Type"": ""Peaceful gardens + pools + quiet central setting"", ""Landscape_Value_1_10"": 8, ""Romantic_Suitability_1_10"": 10, ""Adults_Only"": ""Yes"", ""Spa"": ""Yes"", ""Pool"": ""Yes"", ""Why_It_Qualifies"": ""Adults-only; exceptional review score; tranquil grounds; suited to relaxed couples"", ""Qualification_Status"": ""QUALIFIED"", ""Review_Source"": ""https://www.booking.com/hotel/cy/louis-king-jason.en-gb.html"", ""Official_Source"": ""https://www.kingjasonpaphos.com/"", ""Last_Verified"": 46261, ""Notes"": ""Strong adults-only urban retreat.""}"
PFO-H024,St George Beach Hotel & Spa Resort,C01,QUALIFIED,,,Chloraka,"{""Hotel_ID"": ""PFO-H024"", ""Hotel_Name"": ""St George Beach Hotel & Spa Resort"", ""Area"": ""Chloraka"", ""Hotel_Type"": ""Adults 16+ premium beachfront wellness resort"", ""Current_Status"": ""Operating"", ""Former_or_Registry_Name"": ""St George Beach Hotel"", ""Official_Website"": ""https://www.stgeorge-hotel.com/"", ""Phone"": ""+357 26 845000"", ""Review_Platform"": ""Booking.com"", ""Review_Score_10"": 9.1, ""Cleanliness_Score_10"": 9.4, ""Review_Count_or_Evidence"": ""~762 reviews"", ""Landscape_Type"": ""Beachfront + Mediterranean + wellness resort"", ""Landscape_Value_1_10"": 9, ""Romantic_Suitability_1_10"": 10, ""Adults_Only"": ""Yes 16+"", ""Spa"": ""Yes"", ""Pool"": ""Yes"", ""Why_It_Qualifies"": ""Adults 16+ resort; high cleanliness; beachfront and dedicated spa/wellness facilities"", ""Qualification_Status"": ""QUALIFIED"", ""Review_Source"": ""https://www.booking.com/hotel/cy/st-george-spa-golf-beach-resort.en-gb.html"", ""Official_Source"": ""https://www.stgeorge-hotel.com/"", ""Last_Verified"": 46261, ""Notes"": ""Very strong romantic/wellness base.""}"
PFO-H025,Vrachia Beach Hotel & Suites – Adults Only,C03,QUALIFIED,,,Kissonerga,"{""Hotel_ID"": ""PFO-H025"", ""Hotel_Name"": ""Vrachia Beach Hotel & Suites – Adults Only"", ""Area"": ""Kissonerga"", ""Hotel_Type"": ""Adults-only seafront boutique hotel"", ""Current_Status"": ""Operating"", ""Former_or_Registry_Name"": ""Vrachia Beach Hotel & Suites"", ""Official_Website"": ""https://vrachiaresort.com/"", ""Review_Platform"": ""Booking.com"", ""Review_Score_10"": 9.1, ""Cleanliness_Score_10"": 9.3, ""Review_Count_or_Evidence"": ""~969 reviews"", ""Landscape_Type"": ""Own peninsula + Mediterranean + sunsets"", ""Landscape_Value_1_10"": 10, ""Romantic_Suitability_1_10"": 10, ""Adults_Only"": ""Yes"", ""Spa"": ""Massage treatments"", ""Pool"": ""Yes"", ""Why_It_Qualifies"": ""Adults-only; own peninsula; exceptional sunset/sea setting and strong cleanliness"", ""Qualification_Status"": ""QUALIFIED"", ""Review_Source"": ""https://www.booking.com/hotel/cy/vrachia.en-gb.html"", ""Official_Source"": ""https://vrachiaresort.com/"", ""Last_Verified"": 46261, ""Notes"": ""Excellent intimate sunset property.""}"
PFO-H026,Coral Beach Hotel & Resort,C03,QUALIFIED,,,Coral Bay / Pegeia,"{""Hotel_ID"": ""PFO-H026"", ""Hotel_Name"": ""Coral Beach Hotel & Resort"", ""Area"": ""Coral Bay / Pegeia"", ""Hotel_Type"": ""5-star beachfront resort"", ""Current_Status"": ""Operating"", ""Former_or_Registry_Name"": ""Coral Beach Hotel & Resort"", ""Official_Website"": ""https://coral.com.cy/"", ""Phone"": ""+357 26 881000"", ""Review_Platform"": ""Booking.com"", ""Review_Score_10"": 8.9, ""Cleanliness_Score_10"": 9.1, ""Review_Count_or_Evidence"": ""~2,089 reviews"", ""Landscape_Type"": ""300m sandy beach + Coral Bay + Akamas edge + sunsets"", ""Landscape_Value_1_10"": 10, ""Romantic_Suitability_1_10"": 9, ""Adults_Only"": ""No"", ""Spa"": ""Yes"", ""Pool"": ""Yes"", ""Why_It_Qualifies"": ""Strong location and cleanliness; beachfront next to Akamas; official site explicitly positions hotel for couples"", ""Qualification_Status"": ""QUALIFIED"", ""Review_Source"": ""https://www.booking.com/hotel/cy/coralbeach.en-gb.html"", ""Official_Source"": ""https://coral.com.cy/"", ""Last_Verified"": 46261, ""Notes"": ""Reclassified from Hold to QUALIFIED.""}"
PFO-H027,Louis Paphos Breeze,C01,QUALIFIED,,,Chloraka,"{""Hotel_ID"": ""PFO-H027"", ""Hotel_Name"": ""Louis Paphos Breeze"", ""Area"": ""Chloraka"", ""Hotel_Type"": ""Seafront all-inclusive retreat"", ""Current_Status"": ""Operating"", ""Former_or_Registry_Name"": ""Pafian Park Holiday Village"", ""Official_Website"": ""https://www.louishotels.com/hotels/louispaphosbreeze/"", ""Phone"": ""+357 26 950200"", ""Review_Platform"": ""Booking.com"", ""Review_Score_10"": 9.6, ""Cleanliness_Score_10"": 9.6, ""Review_Count_or_Evidence"": ""~425 reviews"", ""Landscape_Type"": ""Tranquil coastline + lush gardens + Mediterranean views"", ""Landscape_Value_1_10"": 9, ""Romantic_Suitability_1_10"": 9, ""Adults_Only"": ""No"", ""Spa"": ""Yes"", ""Pool"": ""Yes"", ""Why_It_Qualifies"": ""Exceptional current score/cleanliness; official Louis page positions it for couples as well as families"", ""Qualification_Status"": ""QUALIFIED"", ""Review_Source"": ""https://www.booking.com/hotel/cy/pafian-park-holiday-village.en-gb.html"", ""Official_Source"": ""https://www.louishotels.com/hotels/louispaphosbreeze/"", ""Last_Verified"": 46261, ""Notes"": ""High-quality couples-friendly addition.""}"
PFO-H028,Louis Ledra Beach,C01,QUALIFIED,,,Kato Paphos / Geroskipou,"{""Hotel_ID"": ""PFO-H028"", ""Hotel_Name"": ""Louis Ledra Beach"", ""Area"": ""Kato Paphos / Geroskipou"", ""Hotel_Type"": ""Beachfront resort"", ""Current_Status"": ""Operating"", ""Former_or_Registry_Name"": ""Louis Ledra Beach"", ""Official_Website"": ""https://www.louishotels.com/hotels/louisledrabeach/"", ""Phone"": ""+357 26 964848"", ""Review_Platform"": ""Booking.com"", ""Review_Score_10"": 9, ""Cleanliness_Score_10"": 9.2, ""Review_Count_or_Evidence"": ""~312 reviews"", ""Landscape_Type"": ""Mediterranean beachfront + sea views"", ""Landscape_Value_1_10"": 9, ""Romantic_Suitability_1_10"": 9, ""Adults_Only"": ""No"", ""Spa"": ""Yes"", ""Pool"": ""Yes"", ""Why_It_Qualifies"": ""High location/cleanliness; official site promotes romantic escapes and honeymoon sea-view room"", ""Qualification_Status"": ""QUALIFIED"", ""Review_Source"": ""https://www.booking.com/hotel/cy/louis-ledra-beach.en-gb.html"", ""Official_Source"": ""https://www.louishotels.com/hotels/louisledrabeach/"", ""Last_Verified"": 46261, ""Notes"": ""Good couples-friendly beachfront base.""}"
PFO-H029,Polis 1907 by Louis Hotels,C05,QUALIFIED,,,Polis Chrysochous,"{""Hotel_ID"": ""PFO-H029"", ""Hotel_Name"": ""Polis 1907 by Louis Hotels"", ""Area"": ""Polis Chrysochous"", ""Hotel_Type"": ""Heritage boutique hotel"", ""Current_Status"": ""Operating"", ""Former_or_Registry_Name"": ""Polis 1907"", ""Official_Website"": ""https://www.louishotels.com/cyprus/paphos-hotels/"", ""Phone"": ""+357 26 913800"", ""Review_Platform"": ""Booking.com"", ""Review_Score_10"": 9.1, ""Cleanliness_Score_10"": 9.5, ""Review_Count_or_Evidence"": ""~190 reviews"", ""Landscape_Type"": ""Historic listed building + central Polis courtyard/heritage"", ""Landscape_Value_1_10"": 8, ""Romantic_Suitability_1_10"": 9, ""Adults_Only"": ""No"", ""Spa"": ""No"", ""Pool"": ""No"", ""Why_It_Qualifies"": ""Historic 1907 listed building; excellent cleanliness/location; authentic Cyprus boutique character"", ""Qualification_Status"": ""QUALIFIED"", ""Review_Source"": ""https://www.booking.com/hotel/cy/polis-1907-poli-crysochous.en-gb.html"", ""Official_Source"": ""https://louishotelspro.com/wp-content/uploads/2024/12/Polis-1907_Fact-Sheet-2025.pdf"", ""Last_Verified"": 46261, ""Notes"": ""Strong Polis heritage base.""}"
PFO-H030,Droshia Traditional Homes – COCO-MAT Full Experience,C04,QUALIFIED,,,Droushia,"{""Hotel_ID"": ""PFO-H030"", ""Hotel_Name"": ""Droshia Traditional Homes – COCO-MAT Full Experience"", ""Area"": ""Droushia"", ""Hotel_Type"": ""Traditional stone aparthotel / rural retreat"", ""Current_Status"": ""Operating"", ""Former_or_Registry_Name"": ""Droshia Traditional Homes"", ""Official_Website"": ""https://droshiatraditionalhomes.com/"", ""Phone"": ""+357 26 271013"", ""Review_Platform"": ""Booking.com"", ""Review_Score_10"": 9.5, ""Cleanliness_Score_10"": 9.8, ""Review_Count_or_Evidence"": ""~77 reviews"", ""Landscape_Type"": ""Stone village houses + sea/valley views + courtyard/hot tub"", ""Landscape_Value_1_10"": 10, ""Romantic_Suitability_1_10"": 10, ""Adults_Only"": ""No"", ""Spa"": ""No"", ""Pool"": ""No"", ""Why_It_Qualifies"": ""Exceptional cleanliness/location; traditional architecture; couples rate location highly; hot-tub/terrace options"", ""Qualification_Status"": ""QUALIFIED"", ""Review_Source"": ""https://www.booking.com/hotel/cy/droshia-traditional-homes-drousia.html"", ""Official_Source"": ""https://droshiatraditionalhomes.com/"", ""Last_Verified"": 46261, ""Notes"": ""Top rural romantic addition.""}"
PFO-H031,Tavros Hotel Apartments,C05,QUALIFIED,,,Neo Chorio / Polis Chrysochous,"{""Hotel_ID"": ""PFO-H031"", ""Hotel_Name"": ""Tavros Hotel Apartments"", ""Area"": ""Neo Chorio / Polis Chrysochous"", ""Hotel_Type"": ""Rural hotel apartments"", ""Current_Status"": ""Operating"", ""Former_or_Registry_Name"": ""TAVROS"", ""Official_Website"": ""https://www.tavroshotel.com"", ""Phone"": ""+357 26 322421"", ""Review_Platform"": ""Booking.com"", ""Review_Score_10"": 9.2, ""Cleanliness_Score_10"": 9.5, ""Review_Count_or_Evidence"": ""~442 reviews"", ""Landscape_Type"": ""Akamas foothills + sea/garden views + quiet pool setting"", ""Landscape_Value_1_10"": 9, ""Romantic_Suitability_1_10"": 9, ""Adults_Only"": ""No"", ""Spa"": ""No"", ""Pool"": ""Yes"", ""Why_It_Qualifies"": ""Very high cleanliness; calm Neo Chorio location; sea/garden views; licensed establishment"", ""Qualification_Status"": ""QUALIFIED"", ""Review_Source"": ""https://www.booking.com/hotel/cy/tavros-apartments.html"", ""Official_Source"": ""https://www.visitcyprus.com/el/el-accommodation/tavros/"", ""Last_Verified"": 46261, ""Notes"": ""Secondary Akamas romantic base.""}"
PFO-H032,Kentrikon 1924 Boutique Hotel & Suites,C01,QUALIFIED,,,Paphos Old Town,"{""Hotel_ID"": ""PFO-H032"", ""Hotel_Name"": ""Kentrikon 1924 Boutique Hotel & Suites"", ""Area"": ""Paphos Old Town"", ""Hotel_Type"": ""Historic boutique hotel"", ""Current_Status"": ""Operating"", ""Former_or_Registry_Name"": ""Kentrikon 1924"", ""Official_Website"": ""https://www.kentrikon.cy/"", ""Phone"": ""+357 26 322000"", ""Review_Platform"": ""Booking.com"", ""Review_Score_10"": 9.1, ""Cleanliness_Score_10"": 9.4, ""Review_Count_or_Evidence"": ""~428 reviews"", ""Landscape_Type"": ""Listed heritage building + serene courtyard garden + Old Town"", ""Landscape_Value_1_10"": 8, ""Romantic_Suitability_1_10"": 9, ""Adults_Only"": ""No"", ""Spa"": ""No"", ""Pool"": ""No"", ""Why_It_Qualifies"": ""Excellent cleanliness/location; authentic 1924 listed-building character; intimate courtyard and local cuisine"", ""Qualification_Status"": ""QUALIFIED"", ""Review_Source"": ""https://www.booking.com/hotel/cy/kentrikon-1924-boutique-paphos-old-town.en-gb.html"", ""Official_Source"": ""https://www.kentrikon.cy/"", ""Last_Verified"": 46261, ""Notes"": ""Adds strong Old Town heritage option.""}"
