restaurant_id,name,cluster_id,data_status,area,meal_type,romantic_score,authentic_score,payload_json
PFO-R001,Epicurean Restaurant,C01,Verified,Kato Paphos,Dinner,8,6,"{""Restaurant_ID"": ""PFO-R001"", ""Venue_Name"": ""Epicurean Restaurant"", ""District"": ""Paphos"", ""Area"": ""Kato Paphos"", ""Full_Address"": ""Elysium Hotel, Queen Verenikis Street, 8045 Paphos, Cyprus"", ""Website"": ""https://www.elysium-hotel.com/dining/epicurean-restaurant/"", ""Phone"": ""+357 26 844 444"", ""Meal_Type"": ""Dinner"", ""Cuisine"": ""International / themed buffet / à la carte"", ""Opening_Days"": ""Daily"", ""Opening_Hours"": ""Summer 19:00–23:00; Winter 18:30–22:30"", ""Dinner_Hours"": ""Summer 19:00–23:00; Winter 18:30–22:30"", ""Coffee_Dessert"": ""No"", ""Price_Range"": ""€€€"", ""Reservation_Recommended"": ""No"", ""Indoor_Outdoor_Both"": ""Both"", ""Romantic_Score_1_10"": 8, ""Authentic_Cyprus_Score_1_10"": 6, ""Hotel_or_Standalone"": ""Hotel"", ""Source_Primary"": ""https://www.elysium-hotel.com/dining/epicurean-restaurant/"", ""Source_Secondary"": ""https://www.elysium-hotel.com/dining/dining-at-the-elysium/"", ""Last_Verified"": 46259, ""Data_Status"": ""Verified""}"
PFO-R002,Mediterraneo Restaurant,C01,Verified,Kato Paphos,Lunch / Dinner,9,8,"{""Restaurant_ID"": ""PFO-R002"", ""Venue_Name"": ""Mediterraneo Restaurant"", ""District"": ""Paphos"", ""Area"": ""Kato Paphos"", ""Full_Address"": ""Elysium Hotel, Queen Verenikis Street, 8045 Paphos, Cyprus"", ""Website"": ""https://www.elysium-hotel.com/dining/mediterraneo-restaurant/"", ""Phone"": ""+357 26 844 444"", ""Meal_Type"": ""Lunch / Dinner"", ""Cuisine"": ""Cypriot / Mediterranean"", ""Opening_Days"": ""May–October, weather permitting"", ""Opening_Hours"": ""Lunch 12:30–16:00; Dinner 19:30–23:30"", ""Lunch_Hours"": ""12:30–16:00"", ""Dinner_Hours"": ""19:30–23:30"", ""Coffee_Dessert"": ""No"", ""Price_Range"": ""€€€"", ""Reservation_Recommended"": ""Dinner: Yes"", ""Indoor_Outdoor_Both"": ""Outdoor"", ""Romantic_Score_1_10"": 9, ""Authentic_Cyprus_Score_1_10"": 8, ""Hotel_or_Standalone"": ""Hotel"", ""Source_Primary"": ""https://www.elysium-hotel.com/dining/mediterraneo-restaurant/"", ""Source_Secondary"": ""https://www.elysium-hotel.com/dining/dining-at-the-elysium/"", ""Last_Verified"": 46259, ""Data_Status"": ""Verified""}"
PFO-R003,O'Shin Restaurant,C01,Verified,Kato Paphos,Dinner,8,3,"{""Restaurant_ID"": ""PFO-R003"", ""Venue_Name"": ""O'Shin Restaurant"", ""District"": ""Paphos"", ""Area"": ""Kato Paphos"", ""Full_Address"": ""Elysium Hotel, Queen Verenikis Street, 8045 Paphos, Cyprus"", ""Website"": ""https://www.elysium-hotel.com/dining/oshin-restaurant/"", ""Phone"": ""+357 26 844 444"", ""Meal_Type"": ""Dinner"", ""Cuisine"": ""Pan-Asian"", ""Opening_Days"": ""Check weekly restaurant schedule"", ""Opening_Hours"": ""Summer 19:30–23:30; Winter 19:00–23:30"", ""Dinner_Hours"": ""Summer 19:30–23:30; Winter 19:00–23:30"", ""Coffee_Dessert"": ""No"", ""Price_Range"": ""€€€"", ""Reservation_Recommended"": ""Yes"", ""Indoor_Outdoor_Both"": ""Indoor"", ""Romantic_Score_1_10"": 8, ""Authentic_Cyprus_Score_1_10"": 3, ""Hotel_or_Standalone"": ""Hotel"", ""Source_Primary"": ""https://www.elysium-hotel.com/dining/oshin-restaurant/"", ""Source_Secondary"": ""https://www.elysium-hotel.com/dining/"", ""Last_Verified"": 46259, ""Data_Status"": ""Verified""}"
PFO-R004,Amorosa Restaurant,C01,Verified,Kato Paphos,Lunch / Dinner,10,5,"{""Restaurant_ID"": ""PFO-R004"", ""Venue_Name"": ""Amorosa Restaurant"", ""District"": ""Paphos"", ""Area"": ""Kato Paphos"", ""Full_Address"": ""Annabelle, 12 Poseidonos Avenue, 8042 Pafos, Cyprus"", ""Website"": ""https://www.annabelle.com.cy/dine/amorosa-restaurant"", ""Phone"": ""+357 26 885 000"", ""Meal_Type"": ""Lunch / Dinner"", ""Cuisine"": ""Modern fine dining"", ""Opening_Days"": ""Current hotel schedule applies"", ""Opening_Hours"": ""Beverages 10:00–17:00; snacks 12:00–17:00; lunch 12:30–15:30; dinner 19:00–22:30"", ""Lunch_Hours"": ""12:30–15:30"", ""Dinner_Hours"": ""19:00–22:30"", ""Coffee_Dessert"": ""Yes"", ""Price_Range"": ""€€€€"", ""Reservation_Recommended"": ""Dinner: Yes"", ""Indoor_Outdoor_Both"": ""Both"", ""Romantic_Score_1_10"": 10, ""Authentic_Cyprus_Score_1_10"": 5, ""Hotel_or_Standalone"": ""Hotel"", ""Source_Primary"": ""https://www.annabelle.com.cy/dine/amorosa-restaurant"", ""Source_Secondary"": ""https://www.annabelle.com.cy/dine"", ""Last_Verified"": 46259, ""Data_Status"": ""Verified""}"
PFO-R005,Ouranos,C01,Verified,Kato Paphos,Dinner / Drinks,10,4,"{""Restaurant_ID"": ""PFO-R005"", ""Venue_Name"": ""Ouranos"", ""District"": ""Paphos"", ""Area"": ""Kato Paphos"", ""Full_Address"": ""Annabelle, 12 Poseidonos Avenue, 8042 Pafos, Cyprus"", ""Website"": ""https://www.annabelle.com.cy/dine/ouranos-lounge-bar"", ""Phone"": ""+357 26 885 000"", ""Meal_Type"": ""Dinner / Drinks"", ""Cuisine"": ""International sharing plates"", ""Opening_Days"": ""Current hotel schedule applies"", ""Opening_Hours"": ""Drinks 18:00–00:00; dinner 19:00–23:00"", ""Dinner_Hours"": ""19:00–23:00"", ""Coffee_Dessert"": ""Cocktails / drinks"", ""Price_Range"": ""€€€"", ""Reservation_Recommended"": ""Yes"", ""Indoor_Outdoor_Both"": ""Indoor / Rooftop"", ""Romantic_Score_1_10"": 10, ""Authentic_Cyprus_Score_1_10"": 4, ""Hotel_or_Standalone"": ""Hotel"", ""Source_Primary"": ""https://www.annabelle.com.cy/dine/ouranos-lounge-bar"", ""Source_Secondary"": ""https://www.annabelle.com.cy/dine"", ""Last_Verified"": 46259, ""Data_Status"": ""Verified""}"
PFO-R006,Mediterraneo,C01,Verified,Kato Paphos,Lunch / Dinner,9,6,"{""Restaurant_ID"": ""PFO-R006"", ""Venue_Name"": ""Mediterraneo"", ""District"": ""Paphos"", ""Area"": ""Kato Paphos"", ""Full_Address"": ""Annabelle, 12 Poseidonos Avenue, 8042 Pafos, Cyprus"", ""Website"": ""https://www.annabelle.com.cy/dine"", ""Phone"": ""+357 26 885 000"", ""Meal_Type"": ""Lunch / Dinner"", ""Cuisine"": ""Italian / Mediterranean"", ""Opening_Days"": ""Current hotel schedule applies"", ""Opening_Hours"": ""Beverages 10:00–17:00; lunch 12:00–17:00; dinner 19:00–22:30"", ""Lunch_Hours"": ""12:00–17:00"", ""Dinner_Hours"": ""19:00–22:30"", ""Coffee_Dessert"": ""Yes"", ""Price_Range"": ""€€€"", ""Reservation_Recommended"": ""Recommended"", ""Indoor_Outdoor_Both"": ""Outdoor"", ""Romantic_Score_1_10"": 9, ""Authentic_Cyprus_Score_1_10"": 6, ""Hotel_or_Standalone"": ""Hotel"", ""Source_Primary"": ""https://www.annabelle.com.cy/dine"", ""Source_Secondary"": ""https://www.annabelle.com.cy/fact-sheet"", ""Last_Verified"": 46259, ""Data_Status"": ""Verified""}"
PFO-R007,Notios Restaurant,C01,Verified,Kato Paphos,Lunch / Dinner,9,4,"{""Restaurant_ID"": ""PFO-R007"", ""Venue_Name"": ""Notios Restaurant"", ""District"": ""Paphos"", ""Area"": ""Kato Paphos"", ""Full_Address"": ""Almyra, 12 Poseidonos Avenue, 8042 Paphos, Cyprus"", ""Website"": ""https://www.almyra.com/dine/notios-restaurant"", ""Phone"": ""+357 26 888 700"", ""Meal_Type"": ""Lunch / Dinner"", ""Cuisine"": ""Japanese-Mediterranean fusion"", ""Opening_Days"": ""Mar–Nov lunch; Apr–Nov dinner; dinner Sat–Wed; weather permitting"", ""Opening_Hours"": ""Open 10:00–18:00; lunch 12:00–16:00; dinner 18:30–22:00"", ""Lunch_Hours"": ""12:00–16:00"", ""Dinner_Hours"": ""18:30–22:00"", ""Coffee_Dessert"": ""No"", ""Price_Range"": ""€€€"", ""Reservation_Recommended"": ""Recommended"", ""Indoor_Outdoor_Both"": ""Outdoor"", ""Romantic_Score_1_10"": 9, ""Authentic_Cyprus_Score_1_10"": 4, ""Hotel_or_Standalone"": ""Hotel"", ""Source_Primary"": ""https://www.almyra.com/dine/notios-restaurant"", ""Source_Secondary"": ""https://www.almyra.com/dine"", ""Last_Verified"": 46259, ""Data_Status"": ""Verified""}"
PFO-R008,Ouzeri,C01,Verified,Kato Paphos,Lunch / Dinner,10,9,"{""Restaurant_ID"": ""PFO-R008"", ""Venue_Name"": ""Ouzeri"", ""District"": ""Paphos"", ""Area"": ""Kato Paphos"", ""Full_Address"": ""Almyra, 12 Poseidonos Avenue, 8042 Paphos, Cyprus"", ""Website"": ""https://www.almyra.com/dine"", ""Phone"": ""+357 26 888 700"", ""Meal_Type"": ""Lunch / Dinner"", ""Cuisine"": ""Cypriot / Greek"", ""Opening_Days"": ""March–December, weather permitting"", ""Opening_Hours"": ""Open 10:00–23:00; lunch 12:30–16:30; dinner 18:30–22:30"", ""Lunch_Hours"": ""12:30–16:30"", ""Dinner_Hours"": ""18:30–22:30"", ""Coffee_Dessert"": ""Yes"", ""Price_Range"": ""€€€"", ""Reservation_Recommended"": ""Recommended"", ""Indoor_Outdoor_Both"": ""Outdoor"", ""Romantic_Score_1_10"": 10, ""Authentic_Cyprus_Score_1_10"": 9, ""Hotel_or_Standalone"": ""Hotel"", ""Source_Primary"": ""https://www.almyra.com/dine"", ""Source_Secondary"": ""https://www.almyra.com/faq"", ""Last_Verified"": 46259, ""Data_Status"": ""Verified""}"
PFO-R009,Mosaics,C01,Verified,Kato Paphos,Breakfast / Dinner,8,5,"{""Restaurant_ID"": ""PFO-R009"", ""Venue_Name"": ""Mosaics"", ""District"": ""Paphos"", ""Area"": ""Kato Paphos"", ""Full_Address"": ""Almyra, 12 Poseidonos Avenue, 8042 Paphos, Cyprus"", ""Website"": ""https://www.almyra.com/dine/mosaics-restaurant"", ""Phone"": ""+357 26 888 700"", ""Meal_Type"": ""Breakfast / Dinner"", ""Cuisine"": ""International / Mediterranean"", ""Opening_Days"": ""March–November on current dining page"", ""Opening_Hours"": ""Breakfast 07:00–10:30; dinner 18:30–21:30"", ""Dinner_Hours"": ""18:30–21:30"", ""Coffee_Dessert"": ""No"", ""Price_Range"": ""€€€"", ""Reservation_Recommended"": ""Recommended"", ""Indoor_Outdoor_Both"": ""Both"", ""Romantic_Score_1_10"": 8, ""Authentic_Cyprus_Score_1_10"": 5, ""Hotel_or_Standalone"": ""Hotel"", ""Source_Primary"": ""https://www.almyra.com/dine/mosaics-restaurant"", ""Source_Secondary"": ""https://www.almyra.com/fact-sheet/de"", ""Last_Verified"": 46259, ""Data_Status"": ""Verified""}"
PFO-R010,Eauzone,C01,Verified,Kato Paphos,Light Lunch / Drinks,9,4,"{""Restaurant_ID"": ""PFO-R010"", ""Venue_Name"": ""Eauzone"", ""District"": ""Paphos"", ""Area"": ""Kato Paphos"", ""Full_Address"": ""Almyra, 12 Poseidonos Avenue, 8042 Paphos, Cyprus"", ""Website"": ""https://www.almyra.com/dine/eauzone-restaurant"", ""Phone"": ""+357 26 888 700"", ""Meal_Type"": ""Light Lunch / Drinks"", ""Cuisine"": ""Healthy / light bites"", ""Opening_Days"": ""Summer only"", ""Opening_Hours"": ""10:00–18:00; snacks 12:00–18:00"", ""Lunch_Hours"": ""12:00–18:00"", ""Coffee_Dessert"": ""Yes"", ""Price_Range"": ""€€€"", ""Reservation_Recommended"": ""Recommended"", ""Indoor_Outdoor_Both"": ""Outdoor"", ""Romantic_Score_1_10"": 9, ""Authentic_Cyprus_Score_1_10"": 4, ""Hotel_or_Standalone"": ""Hotel"", ""Source_Primary"": ""https://www.almyra.com/dine/eauzone-restaurant"", ""Source_Secondary"": ""https://www.almyra.com/dine"", ""Last_Verified"": 46259, ""Data_Status"": ""Verified""}"
PFO-R011,Petradaki Tavern,C04,Verified,Kathikas,Lunch / Dinner,9,10,"{""Restaurant_ID"": ""PFO-R011"", ""Venue_Name"": ""Petradaki Tavern"", ""District"": ""Paphos"", ""Area"": ""Kathikas"", ""Full_Address"": ""45 Kato Vrisi Street, Kathikas 8573, Paphos"", ""Website"": ""https://petradakitavern.com/"", ""Phone"": ""+357 99 596528"", ""Meal_Type"": ""Lunch / Dinner"", ""Cuisine"": ""Traditional Cypriot"", ""Opening_Days"": ""Current operating days published via booking/local listings; confirm before itinerary"", ""Opening_Hours"": ""Current schedule varies by day"", ""Lunch_Hours"": ""Weekend lunch available"", ""Dinner_Hours"": ""Dinner available"", ""Coffee_Dessert"": ""Traditional desserts"", ""Price_Range"": ""€€"", ""Reservation_Recommended"": ""Yes"", ""Indoor_Outdoor_Both"": ""Both"", ""Romantic_Score_1_10"": 9, ""Authentic_Cyprus_Score_1_10"": 10, ""Hotel_or_Standalone"": ""Standalone"", ""Source_Primary"": ""https://petradakitavern.com/"", ""Source_Secondary"": ""https://www.visitcyprus.com/wp-content/uploads/files/catering_and_entertainment/GASTRONOMY_2023/GASTRONOMY_PAPHOS_27_6_2023_EN.pdf"", ""Last_Verified"": 46259, ""Data_Status"": ""Verified""}"
PFO-R012,Yiannis Tavern,C04,Draft,Kathikas,Lunch / Dinner,8,10,"{""Restaurant_ID"": ""PFO-R012"", ""Venue_Name"": ""Yiannis Tavern"", ""District"": ""Paphos"", ""Area"": ""Kathikas"", ""Full_Address"": ""11 Georgiou Kleanthous Street, Kathikas 8573, Paphos"", ""Phone"": ""+357 26 633353"", ""Meal_Type"": ""Lunch / Dinner"", ""Cuisine"": ""Cypriot / Greek"", ""Opening_Days"": ""Official tourism wine-route guide lists venue; current hours require direct confirmation"", ""Opening_Hours"": ""Confirm directly"", ""Lunch_Hours"": ""Yes"", ""Dinner_Hours"": ""Yes"", ""Coffee_Dessert"": ""No"", ""Price_Range"": ""€€"", ""Reservation_Recommended"": ""Recommended"", ""Indoor_Outdoor_Both"": ""Both"", ""Romantic_Score_1_10"": 8, ""Authentic_Cyprus_Score_1_10"": 10, ""Hotel_or_Standalone"": ""Standalone"", ""Source_Primary"": ""https://www.visitcyprus.com/files/wine_routes/Cyprus_Wine_Routes_4600414_EN.pdf"", ""Last_Verified"": 46259, ""Data_Status"": ""Draft""}"
PFO-R013,To Stekki Tou Panai,C04,Draft,Kathikas,Lunch / Dinner,8,10,"{""Restaurant_ID"": ""PFO-R013"", ""Venue_Name"": ""To Stekki Tou Panai"", ""District"": ""Paphos"", ""Area"": ""Kathikas"", ""Full_Address"": ""2 Agoniston Street, Kathikas 8573, Paphos"", ""Phone"": ""+357 96 771622"", ""Meal_Type"": ""Lunch / Dinner"", ""Cuisine"": ""Cypriot"", ""Opening_Days"": ""Official gastronomy register confirms establishment; current hours require direct confirmation"", ""Opening_Hours"": ""Confirm directly"", ""Lunch_Hours"": ""Yes"", ""Dinner_Hours"": ""Yes"", ""Coffee_Dessert"": ""No"", ""Price_Range"": ""€€"", ""Reservation_Recommended"": ""Recommended"", ""Indoor_Outdoor_Both"": ""Both"", ""Romantic_Score_1_10"": 8, ""Authentic_Cyprus_Score_1_10"": 10, ""Hotel_or_Standalone"": ""Standalone"", ""Source_Primary"": ""https://www.visitcyprus.com/wp-content/uploads/files/catering_and_entertainment/GASTRONOMY_2023/GASTRONOMY_PAPHOS_27_6_2023_EN.pdf"", ""Last_Verified"": 46259, ""Data_Status"": ""Draft""}"
PFO-R014,Phinikas Tavern,C04,Draft,Droushia,Lunch / Dinner,8,10,"{""Restaurant_ID"": ""PFO-R014"", ""Venue_Name"": ""Phinikas Tavern"", ""District"": ""Paphos"", ""Area"": ""Droushia"", ""Full_Address"": ""10 Agiou Georgiou Street, Droushia 8700, Paphos"", ""Phone"": ""+357 26 332276"", ""Meal_Type"": ""Lunch / Dinner"", ""Cuisine"": ""Traditional Cypriot"", ""Opening_Days"": ""Official wine-route guide lists venue; current hours require direct confirmation"", ""Opening_Hours"": ""Confirm directly"", ""Lunch_Hours"": ""Yes"", ""Dinner_Hours"": ""Yes"", ""Coffee_Dessert"": ""No"", ""Price_Range"": ""€€"", ""Reservation_Recommended"": ""Recommended"", ""Indoor_Outdoor_Both"": ""Both"", ""Romantic_Score_1_10"": 8, ""Authentic_Cyprus_Score_1_10"": 10, ""Hotel_or_Standalone"": ""Standalone"", ""Source_Primary"": ""https://www.visitcyprus.com/files/wine_routes/Cyprus_Wine_Routes_4600414_EN.pdf"", ""Source_Secondary"": ""https://droushiahotelpalates.com/en/droushia-ten.html"", ""Last_Verified"": 46259, ""Data_Status"": ""Draft""}"
PFO-R015,Steni Restaurant,C07,Draft,Steni,Lunch / Dinner,8,10,"{""Restaurant_ID"": ""PFO-R015"", ""Venue_Name"": ""Steni Restaurant"", ""District"": ""Paphos"", ""Area"": ""Steni"", ""Full_Address"": ""Steni 8884, Paphos, Cyprus"", ""Phone"": ""+357 99 233187"", ""Meal_Type"": ""Lunch / Dinner"", ""Cuisine"": ""Cypriot"", ""Opening_Days"": ""Official gastronomy register confirms establishment; hours to verify"", ""Opening_Hours"": ""Confirm directly"", ""Lunch_Hours"": ""Yes"", ""Dinner_Hours"": ""Yes"", ""Coffee_Dessert"": ""No"", ""Price_Range"": ""€€"", ""Reservation_Recommended"": ""Recommended"", ""Indoor_Outdoor_Both"": ""Both"", ""Romantic_Score_1_10"": 8, ""Authentic_Cyprus_Score_1_10"": 10, ""Hotel_or_Standalone"": ""Standalone"", ""Source_Primary"": ""https://www.visitcyprus.com/wp-content/uploads/files/catering_and_entertainment/GASTRONOMY_2023/GASTRONOMY_PAPHOS_27_6_2023_EN.pdf"", ""Last_Verified"": 46259, ""Data_Status"": ""Draft""}"
PFO-R016,Porto Latchi Restaurant,C05,Draft,Latchi,Lunch / Dinner,9,8,"{""Restaurant_ID"": ""PFO-R016"", ""Venue_Name"": ""Porto Latchi Restaurant"", ""District"": ""Paphos"", ""Area"": ""Latchi"", ""Full_Address"": ""Latchi Harbour, Polis Chrysochous, Paphos"", ""Website"": ""http://www.portolatchi.com"", ""Phone"": ""+357 26 529530"", ""Meal_Type"": ""Lunch / Dinner"", ""Cuisine"": ""Seafood"", ""Opening_Days"": ""Listed by Polis local tourism/business directory"", ""Opening_Hours"": ""Current operator hours to confirm"", ""Lunch_Hours"": ""Yes"", ""Dinner_Hours"": ""Yes"", ""Coffee_Dessert"": ""No"", ""Price_Range"": ""€€€"", ""Reservation_Recommended"": ""Recommended"", ""Indoor_Outdoor_Both"": ""Both"", ""Romantic_Score_1_10"": 9, ""Authentic_Cyprus_Score_1_10"": 8, ""Hotel_or_Standalone"": ""Standalone"", ""Source_Primary"": ""https://www.polis.town/listings/view/51"", ""Source_Secondary"": ""https://www.polis.org.cy/en/latchi-harbour"", ""Last_Verified"": 46259, ""Data_Status"": ""Draft""}"
PFO-R017,Faros No. 2 Latchi Restaurant,C05,Draft,Polis / Latchi,Lunch / Dinner,9,8,"{""Restaurant_ID"": ""PFO-R017"", ""Venue_Name"": ""Faros No. 2 Latchi Restaurant"", ""District"": ""Paphos"", ""Area"": ""Polis / Latchi"", ""Full_Address"": ""Akamantos Street, 8840 Polis Chrysochous, Paphos"", ""Website"": ""https://www.visitcyprus.com/el/el-anakalypste-ten-kypro/el-gastronomy/faros-no-2-latchi-restaurant/"", ""Meal_Type"": ""Lunch / Dinner"", ""Cuisine"": ""Seafood / Local"", ""Opening_Days"": ""Official Visit Cyprus listing; current operator schedule to confirm"", ""Opening_Hours"": ""Confirm directly"", ""Lunch_Hours"": ""Yes"", ""Dinner_Hours"": ""Yes"", ""Coffee_Dessert"": ""No"", ""Price_Range"": ""€€€"", ""Reservation_Recommended"": ""Recommended"", ""Indoor_Outdoor_Both"": ""Both"", ""Romantic_Score_1_10"": 9, ""Authentic_Cyprus_Score_1_10"": 8, ""Hotel_or_Standalone"": ""Standalone"", ""Source_Primary"": ""https://www.visitcyprus.com/el/el-anakalypste-ten-kypro/el-gastronomy/faros-no-2-latchi-restaurant/"", ""Source_Secondary"": ""https://www.polis.org.cy/en/latchi-harbour"", ""Last_Verified"": 46259, ""Data_Status"": ""Draft""}"
PFO-R018,Pithari Tavern,C02,Verified,Aphrodite Hills / Kouklia,Dinner,9,9,"{""Restaurant_ID"": ""PFO-R018"", ""Venue_Name"": ""Pithari Tavern"", ""District"": ""Paphos"", ""Area"": ""Aphrodite Hills / Kouklia"", ""Full_Address"": ""Aphrodite Hills Resort, 3 Aphrodite Avenue, Kouklia 8509, Paphos"", ""Website"": ""https://www.aphroditehills.com/luxury-hotel/dining/"", ""Phone"": ""+357 26 828000"", ""Meal_Type"": ""Dinner"", ""Cuisine"": ""Greek Cypriot"", ""Opening_Days"": ""Resort operation; reservation required"", ""Opening_Hours"": ""Current service times vary by season"", ""Lunch_Hours"": ""No"", ""Dinner_Hours"": ""Yes"", ""Coffee_Dessert"": ""No"", ""Price_Range"": ""€€€"", ""Reservation_Recommended"": ""Yes"", ""Indoor_Outdoor_Both"": ""Outdoor / Terrace"", ""Romantic_Score_1_10"": 9, ""Authentic_Cyprus_Score_1_10"": 9, ""Hotel_or_Standalone"": ""Hotel / Resort"", ""Source_Primary"": ""https://www.aphroditehills.com/luxury-hotel/dining/"", ""Source_Secondary"": ""https://www.aphroditehills.com/luxury-hotel/useful-information/"", ""Last_Verified"": 46259, ""Data_Status"": ""Verified""}"
PFO-R019,Vouni Panayia Winery Restaurant,C09,Verified,Pano Panagia,Lunch,10,10,"{""Restaurant_ID"": ""PFO-R019"", ""Venue_Name"": ""Vouni Panayia Winery Restaurant"", ""District"": ""Paphos"", ""Area"": ""Pano Panagia"", ""Full_Address"": ""Vouni Panayia Winery, 60 Archiepiskopou Makariou III Avenue, Panagia 8640"", ""Latitude"": 34.921121, ""Longitude"": 32.625855, ""Website"": ""https://www.vounipanayiawinery.com/"", ""Phone"": ""+357 26 722770"", ""Meal_Type"": ""Lunch"", ""Cuisine"": ""Traditional Cypriot / Seasonal"", ""Opening_Days"": ""All year; reservation recommended"", ""Opening_Hours"": ""Contact winery for current service hours"", ""Lunch_Hours"": ""Yes"", ""Dinner_Hours"": ""No"", ""Coffee_Dessert"": ""No"", ""Price_Range"": ""€€€"", ""Reservation_Recommended"": ""Yes"", ""Indoor_Outdoor_Both"": ""Both"", ""Romantic_Score_1_10"": 10, ""Authentic_Cyprus_Score_1_10"": 10, ""Hotel_or_Standalone"": ""Winery Restaurant"", ""Source_Primary"": ""https://www.agrotourism.com.cy/el/node/270"", ""Source_Secondary"": ""https://www.visitpafos.org.cy/off-the-beaten-track/wineries/"", ""Last_Verified"": 46259, ""Data_Status"": ""Verified""}"
PFO-R020,Petradaki Winery Experience / Sunday Lunch,C04,Verified,Kathikas,Sunday Lunch / Wine,9,10,"{""Restaurant_ID"": ""PFO-R020"", ""Venue_Name"": ""Petradaki Winery Experience / Sunday Lunch"", ""District"": ""Paphos"", ""Area"": ""Kathikas"", ""Full_Address"": ""45 Kato Vrisi Street, Kathikas 8573, Paphos"", ""Website"": ""https://petradakitavern.com/"", ""Phone"": ""+357 99 596528"", ""Meal_Type"": ""Sunday Lunch / Wine"", ""Cuisine"": ""Cypriot"", ""Opening_Days"": ""Sunday lunch highlighted by operator"", ""Opening_Hours"": ""Book ahead"", ""Lunch_Hours"": ""Yes"", ""Coffee_Dessert"": ""Yes"", ""Price_Range"": ""€€"", ""Reservation_Recommended"": ""Yes"", ""Indoor_Outdoor_Both"": ""Both"", ""Romantic_Score_1_10"": 9, ""Authentic_Cyprus_Score_1_10"": 10, ""Hotel_or_Standalone"": ""Standalone"", ""Source_Primary"": ""https://petradakitavern.com/"", ""Source_Secondary"": ""https://petradakitavern.com/menu/"", ""Last_Verified"": 46259, ""Data_Status"": ""Verified""}"
PFO-R021,Golf Clubhouse Restaurant,C02,Verified,Aphrodite Hills / Kouklia,Breakfast / Lunch / Dinner,9,7,"{""Restaurant_ID"": ""PFO-R021"", ""Venue_Name"": ""Golf Clubhouse Restaurant"", ""District"": ""Paphos"", ""Area"": ""Aphrodite Hills / Kouklia"", ""Full_Address"": ""Aphrodite Hills Resort, 3 Aphrodite Avenue, Kouklia 8509, Paphos"", ""Website"": ""https://www.aphroditehills.com/golf/club-restaurant/"", ""Phone"": ""+357 26 829207"", ""Meal_Type"": ""Breakfast / Lunch / Dinner"", ""Cuisine"": ""Mediterranean / Cypriot / International"", ""Opening_Days"": ""Daily"", ""Opening_Hours"": ""Open daily 08:00–19:00; à la carte 08:00–17:00; dinner 18:30–21:30 on rotation basis"", ""Lunch_Hours"": ""08:00–17:00"", ""Dinner_Hours"": ""18:30–21:30 (rotation basis)"", ""Coffee_Dessert"": ""Yes"", ""Price_Range"": ""€€€"", ""Reservation_Recommended"": ""Recommended"", ""Indoor_Outdoor_Both"": ""Both"", ""Romantic_Score_1_10"": 9, ""Authentic_Cyprus_Score_1_10"": 7, ""Hotel_or_Standalone"": ""Resort / Golf Clubhouse"", ""Source_Primary"": ""https://www.aphroditehills.com/golf/club-restaurant/"", ""Source_Secondary"": ""https://www.aphroditehills.com/golf-shop-dine/"", ""Last_Verified"": 46261, ""Data_Status"": ""Verified""}"
PFO-R022,Symposio Pissouri,C13,Verified,Pissouri Village Square,Lunch / Dinner,9,10,"{""Restaurant_ID"": ""PFO-R022"", ""Venue_Name"": ""Symposio Pissouri"", ""District"": ""Limassol – Cross-District Extension"", ""Area"": ""Pissouri Village Square"", ""Full_Address"": ""Pissouri Square, Apostolou Andrea 20, Pissouri 4607, Limassol"", ""Website"": ""https://www.visitcyprus.com/el/el-anakalypste-ten-kypro/el-gastronomy/symposio-pissouri/"", ""Phone"": ""+357 99 123777"", ""Meal_Type"": ""Lunch / Dinner"", ""Cuisine"": ""Traditional Cypriot / Greek / Mediterranean"", ""Opening_Days"": ""Mon, Tue, Thu, Fri, Sat, Sun; Wed closed"", ""Opening_Hours"": ""Current listing: Mon/Thu 12:30–22:00; Tue/Sun/Sat 15:00–22:00; Fri 15:00–22:30"", ""Lunch_Hours"": ""Lunch available on selected days; confirm exact date"", ""Dinner_Hours"": ""Until approx. 22:00–22:30"", ""Coffee_Dessert"": ""Yes"", ""Price_Range"": ""€€–€€€"", ""Reservation_Recommended"": ""Yes"", ""Indoor_Outdoor_Both"": ""Both / Square seating"", ""Romantic_Score_1_10"": 9, ""Authentic_Cyprus_Score_1_10"": 10, ""Hotel_or_Standalone"": ""Standalone"", ""Source_Primary"": ""https://www.visitcyprus.com/el/el-anakalypste-ten-kypro/el-gastronomy/symposio-pissouri/"", ""Source_Secondary"": ""https://www.waze.com/el/live-map/directions/cy/limasol/pissoyri/symposio-pissouri?to=place.ChIJl227Cs0Z5xQR6z7BUYZzzrs"", ""Last_Verified"": 46261, ""Data_Status"": ""Verified""}"
PFO-R023,O'Vrakas Taverna Pissouri,C13,Needs Recheck,Pissouri Village Square,Lunch / Dinner,9,10,"{""Restaurant_ID"": ""PFO-R023"", ""Venue_Name"": ""O'Vrakas Taverna Pissouri"", ""District"": ""Limassol – Cross-District Extension"", ""Area"": ""Pissouri Village Square"", ""Full_Address"": ""Pissouri Square, Pissouri 4607, Limassol"", ""Website"": ""https://www.ovrakastaverna.com/"", ""Phone"": ""+357 25 221940 / +357 99 312443"", ""Meal_Type"": ""Lunch / Dinner"", ""Cuisine"": ""Traditional Cypriot / Greek / Mediterranean"", ""Opening_Days"": ""Current official site: Fri–Sun; broader current listings show Fri–Wed and Thu closed – confirm before booking"", ""Opening_Hours"": ""Official site currently states 11:00–21:30 Fri/Sat/Sun; current business listings show wider schedule. Treat date as RECHECK."", ""Lunch_Hours"": ""From 11:00 when operating"", ""Dinner_Hours"": ""Dinner; reservation mandatory on official site"", ""Coffee_Dessert"": ""Yes"", ""Price_Range"": ""€€"", ""Reservation_Recommended"": ""Yes – dinner mandatory"", ""Indoor_Outdoor_Both"": ""Both / Square"", ""Romantic_Score_1_10"": 9, ""Authentic_Cyprus_Score_1_10"": 10, ""Hotel_or_Standalone"": ""Standalone"", ""Source_Primary"": ""https://www.ovrakastaverna.com/"", ""Source_Secondary"": ""https://www.pissouri.org.cy/images/easycms/pages/documents/26/%CE%A0%CE%99%CE%9D%CE%91%CE%9A%CE%91%CE%A3%20%CE%95%CE%A0%CE%99%CE%A7%CE%95%CE%99%CE%A1%CE%97%CE%A3%CE%95%CE%A9%CE%9D%20%CE%9A%CE%9F%CE%99%CE%9D%CE%9F%CE%A4%CE%97%CE%A4%CE%91%CE%A3%20%CE%A0%CE%99%CE%A3%CE%A3%CE%9F%CE%A5%CE%A1%CE%99%CE%9F%CE%A5.pdf"", ""Last_Verified"": 46261, ""Data_Status"": ""Needs Recheck""}"
PFO-R024,Το Καφενείο του Χωρκού / To Kafeneio tou Xorkou,C13,Verified,Pissouri Village Square,Coffee / Breakfast / Light Local Food,9,10,"{""Restaurant_ID"": ""PFO-R024"", ""Venue_Name"": ""Το Καφενείο του Χωρκού / To Kafeneio tou Xorkou"", ""District"": ""Limassol – Cross-District Extension"", ""Area"": ""Pissouri Village Square"", ""Full_Address"": ""MPC2+8PR, Pissouri Village Square, Pissouri 4607, Limassol"", ""Phone"": ""+357 99 925159"", ""Meal_Type"": ""Coffee / Breakfast / Light Local Food"", ""Cuisine"": ""Traditional Cypriot café / homemade sweets / local breakfast"", ""Opening_Days"": ""Mon, Wed, Thu, Fri, Sat, Sun; current listing"", ""Opening_Hours"": ""08:30–13:00 and 15:30–21:00 on listed operating days"", ""Lunch_Hours"": ""Light food / traditional weekend breakfast rather than formal lunch"", ""Dinner_Hours"": ""Light bites to 21:00"", ""Coffee_Dessert"": ""Yes – coffee, homemade sweets"", ""Price_Range"": ""€–€€"", ""Reservation_Recommended"": ""No / call for weekend traditional breakfast"", ""Indoor_Outdoor_Both"": ""Both / terrace"", ""Romantic_Score_1_10"": 9, ""Authentic_Cyprus_Score_1_10"": 10, ""Hotel_or_Standalone"": ""Standalone"", ""Source_Primary"": ""https://www.checkincyprus.com/article/78497/o-panagiotes-anelabe-to-palio-kapheneio-sto-khorio-tou-kai-serbirei-mpoukoma-tsillema-kai-paradose/"", ""Source_Secondary"": ""https://www.checkincyprus.com/article/82112/301-stekia-gia-ekdrome-kai-nostimo-brunch-sto-khorio/"", ""Last_Verified"": 46261, ""Data_Status"": ""Verified""}"
PFO-R025,Panorama Lounge,C13,Verified,Pissouri Village,Coffee / Drinks / Light Meal,9,6,"{""Restaurant_ID"": ""PFO-R025"", ""Venue_Name"": ""Panorama Lounge"", ""District"": ""Limassol – Cross-District Extension"", ""Area"": ""Pissouri Village"", ""Full_Address"": ""50 Makedonias Street, Pissouri 4607, Limassol"", ""Phone"": ""+357 99 715716"", ""Meal_Type"": ""Coffee / Drinks / Light Meal"", ""Cuisine"": ""Cafe / cocktails / snacks"", ""Opening_Days"": ""Thu–Tue current listing; Wed also listed 11:00–22:00 in current business data"", ""Opening_Hours"": ""Approx. 10:00/11:00–22:00; confirm day"", ""Lunch_Hours"": ""Light meals"", ""Dinner_Hours"": ""Drinks/light food until 22:00"", ""Coffee_Dessert"": ""Yes"", ""Price_Range"": ""€–€€"", ""Reservation_Recommended"": ""No"", ""Indoor_Outdoor_Both"": ""Both / view terrace"", ""Romantic_Score_1_10"": 9, ""Authentic_Cyprus_Score_1_10"": 6, ""Hotel_or_Standalone"": ""Standalone"", ""Source_Primary"": ""https://www.pissouri.org.cy/images/easycms/pages/documents/26/%CE%A0%CE%99%CE%9D%CE%91%CE%9A%CE%91%CE%A3%20%CE%95%CE%A0%CE%99%CE%A7%CE%95%CE%99%CE%A1%CE%97%CE%A3%CE%95%CE%A9%CE%9D%20%CE%9A%CE%9F%CE%99%CE%9D%CE%9F%CE%A4%CE%97%CE%A4%CE%91%CE%A3%20%CE%A0%CE%99%CE%A3%CE%A3%CE%9F%CE%A5%CE%A1%CE%99%CE%9F%CE%A5.pdf"", ""Source_Secondary"": ""https://www.pissouri.org.cy/en/municipality/history"", ""Last_Verified"": 46261, ""Data_Status"": ""Verified""}"
PFO-R026,Pissouri Bay Cafe,C13,Verified,Pissouri Bay,Breakfast / Coffee / Lunch,8,5,"{""Restaurant_ID"": ""PFO-R026"", ""Venue_Name"": ""Pissouri Bay Cafe"", ""District"": ""Limassol – Cross-District Extension"", ""Area"": ""Pissouri Bay"", ""Full_Address"": ""Ampelonon 57D, Pissouri 4607, Limassol"", ""Phone"": ""+357 99 238305"", ""Meal_Type"": ""Breakfast / Coffee / Lunch"", ""Cuisine"": ""Cafe / Mediterranean light food"", ""Opening_Days"": ""Tue–Sun current listing"", ""Opening_Hours"": ""09:00–17:00"", ""Lunch_Hours"": ""Daytime to 17:00"", ""Coffee_Dessert"": ""Yes"", ""Price_Range"": ""€–€€"", ""Reservation_Recommended"": ""No"", ""Indoor_Outdoor_Both"": ""Both"", ""Romantic_Score_1_10"": 8, ""Authentic_Cyprus_Score_1_10"": 5, ""Hotel_or_Standalone"": ""Standalone"", ""Source_Primary"": ""https://www.visitcyprus.com/discover-cyprus/sun-sea/beaches/pissouri-beach-blue-flag/"", ""Source_Secondary"": ""https://www.pissouri.org.cy/en/municipality/history"", ""Last_Verified"": 46261, ""Data_Status"": ""Verified""}"
PFO-R027,The Bunch of Grapes Inn Restaurant,C13,Needs Recheck,Pissouri Village,Dinner / Restaurant,10,9,"{""Restaurant_ID"": ""PFO-R027"", ""Venue_Name"": ""The Bunch of Grapes Inn Restaurant"", ""District"": ""Limassol – Cross-District Extension"", ""Area"": ""Pissouri Village"", ""Full_Address"": ""9 Ioanni Erotokritou, Pissouri 4607, Limassol"", ""Website"": ""http://thebunchofgrapesinn.com/"", ""Phone"": ""+357 25 221275 / +357 99 441986"", ""Meal_Type"": ""Dinner / Restaurant"", ""Cuisine"": ""Mediterranean / Cypriot"", ""Opening_Days"": ""Official community business register confirms venue; current hours require direct check"", ""Opening_Hours"": ""Confirm directly"", ""Dinner_Hours"": ""Confirm directly"", ""Coffee_Dessert"": ""Yes"", ""Price_Range"": ""€€€"", ""Reservation_Recommended"": ""Yes"", ""Indoor_Outdoor_Both"": ""Both / historic inn courtyard"", ""Romantic_Score_1_10"": 10, ""Authentic_Cyprus_Score_1_10"": 9, ""Hotel_or_Standalone"": ""Standalone"", ""Source_Primary"": ""https://www.pissouri.org.cy/images/easycms/pages/documents/26/%CE%A0%CE%99%CE%9D%CE%91%CE%9A%CE%91%CE%A3%20%CE%95%CE%A0%CE%99%CE%A7%CE%95%CE%99%CE%A1%CE%97%CE%A3%CE%95%CE%A9%CE%9D%20%CE%9A%CE%9F%CE%99%CE%9D%CE%9F%CE%A4%CE%97%CE%A4%CE%91%CE%A3%20%CE%A0%CE%99%CE%A3%CE%A3%CE%9F%CE%A5%CE%A1%CE%99%CE%9F%CE%A5.pdf"", ""Source_Secondary"": ""http://thebunchofgrapesinn.com/"", ""Last_Verified"": 46261, ""Data_Status"": ""Needs Recheck""}"
